Workbook

Sheet Mul8Analysis
M3: a7 | N3: a6 | O3: a5 | P3: a4 | Q3: a3 | R3: a2 | S3: a1 | T3: a0
M4: b7 | N4: b6 | O4: b5 | P4: b4 | Q4: b3 | R4: b2 | S4: b1 | T4: b0
M6: a7.b0 | N6: a6.b0 | O6: a5.b0 | P6: a4.b0 | Q6: a3.b0 | R6: a2.b0 | S6: a1.b0 | T6: a0.b0
L7: a7.b1 | M7: a6.b1 | N7: a5.b1 | O7: a4.b1 | P7: a3.b1 | Q7: a2.b1 | R7: a1.b1 | S7: a0.b1
K8: =CONCATENATE(M3,".","b2") -> a7.b2 | L8: =CONCATENATE(N3,".","b2") -> a6.b2 | M8: =CONCATENATE(O3,".","b2") -> a5.b2 | N8: =CONCATENATE(P3,".","b2") -> a4.b2 | O8: =CONCATENATE(Q3,".","b2") -> a3.b2 | P8: =CONCATENATE(R3,".","b2") -> a2.b2 | Q8: =CONCATENATE(S3,".","b2") -> a1.b2 | R8: =CONCATENATE(T3,".","b2") -> a0.b2
J9: =CONCATENATE(M3,".","b3") -> a7.b3 | K9: =CONCATENATE(N3,".","b3") -> a6.b3 | L9: =CONCATENATE(O3,".","b3") -> a5.b3 | M9: =CONCATENATE(P3,".","b3") -> a4.b3 | N9: =CONCATENATE(Q3,".","b3") -> a3.b3 | O9: =CONCATENATE(R3,".","b3") -> a2.b3 | P9: =CONCATENATE(S3,".","b3") -> a1.b3 | Q9: =CONCATENATE(T3,".","b3") -> a0.b3
I10: =CONCATENATE(M3,".","b4") -> a7.b4 | J10: =CONCATENATE(N3,".","b4") -> a6.b4 | K10: =CONCATENATE(O3,".","b4") -> a5.b4 | L10: =CONCATENATE(P3,".","b4") -> a4.b4 | M10: =CONCATENATE(Q3,".","b4") -> a3.b4 | N10: =CONCATENATE(R3,".","b4") -> a2.b4 | O10: =CONCATENATE(S3,".","b4") -> a1.b4 | P10: =CONCATENATE(T3,".","b4") -> a0.b4
H11: =CONCATENATE(M3,".","b5") -> a7.b5 | I11: =CONCATENATE(N3,".","b5") -> a6.b5 | J11: =CONCATENATE(O3,".","b5") -> a5.b5 | K11: =CONCATENATE(P3,".","b5") -> a4.b5 | L11: =CONCATENATE(Q3,".","b5") -> a3.b5 | M11: =CONCATENATE(R3,".","b5") -> a2.b5 | N11: =CONCATENATE(S3,".","b5") -> a1.b5 | O11: =CONCATENATE(T3,".","b5") -> a0.b5
G12: =CONCATENATE(M3,".","b6") -> a7.b6 | H12: =CONCATENATE(N3,".","b6") -> a6.b6 | I12: =CONCATENATE(O3,".","b6") -> a5.b6 | J12: =CONCATENATE(P3,".","b6") -> a4.b6 | K12: =CONCATENATE(Q3,".","b6") -> a3.b6 | L12: =CONCATENATE(R3,".","b6") -> a2.b6 | M12: =CONCATENATE(S3,".","b6") -> a1.b6 | N12: =CONCATENATE(T3,".","b6") -> a0.b6
F13: =CONCATENATE(M3,".","b7") -> a7.b7 | G13: =CONCATENATE(N3,".","b7") -> a6.b7 | H13: =CONCATENATE(O3,".","b7") -> a5.b7 | I13: =CONCATENATE(P3,".","b7") -> a4.b7 | J13: =CONCATENATE(Q3,".","b7") -> a3.b7 | K13: =CONCATENATE(R3,".","b7") -> a2.b7 | L13: =CONCATENATE(S3,".","b7") -> a1.b7 | M13: =CONCATENATE(T3,".","b7") -> a0.b7
D14: Col16 | E14: Col15 | F14: Col14 | G14: Col13 | H14: Col12 | I14: Col11 | J14: Col10 | K14: Col9 | L14: Col8 | M14: Col7 | N14: Col6 | O14: Col5 | P14: Col4 | Q14: Col3 | R14: Col2 | S14: Col1 | T14: Col0
E15: =CONCATENATE("addr",COUNTA(E16:E26)) -> addr2 | F15: =CONCATENATE("addr",COUNTA(F16:F26)) -> addr3 | G15: =CONCATENATE("addr",COUNTA(G16:G26)) -> addr5 | H15: =CONCATENATE("addr",COUNTA(H16:H26)) -> addr6 | I15: =CONCATENATE("addr",COUNTA(I16:I26)) -> addr7 | J15: =CONCATENATE("addr",COUNTA(J16:J26)) -> addr8 | K15: =CONCATENATE("addr",COUNTA(K16:K26)) -> addr9 | L15: =CONCATENATE("addr",COUNTA(L16:L26)) -> addr10 | ... T15: =CONCATENATE("addr",COUNTA(T16:T26)) -> addr1
M16: =CONCATENATE("p",(MID(M6,2,1)),(RIGHT(M6,1))) -> p70 | N16: =CONCATENATE("p",(MID(N6,2,1)),(RIGHT(N6,1))) -> p60 | O16: =CONCATENATE("p",(MID(O6,2,1)),(RIGHT(O6,1))) -> p50 | P16: =CONCATENATE("p",(MID(P6,2,1)),(RIGHT(P6,1))) -> p40 | Q16: =CONCATENATE("p",(MID(Q6,2,1)),(RIGHT(Q6,1))) -> p30 | R16: =CONCATENATE("p",(MID(R6,2,1)),(RIGHT(R6,1))) -> p20 | S16: =CONCATENATE("p",(MID(S6,2,1)),(RIGHT(S6,1))) -> p10 | T16: =CONCATENATE("p",(MID(T6,2,1)),(RIGHT(T6,1))) -> p00 | AG16: c2 | AH16: c1 | AI16: c0 | AJ16: Carryout | AK16: Sum | AL16: Value
L17: =CONCATENATE("p",(MID(L7,2,1)),(RIGHT(L7,1))) -> p71 | M17: =CONCATENATE("p",(MID(M7,2,1)),(RIGHT(M7,1))) -> p61 | N17: =CONCATENATE("p",(MID(N7,2,1)),(RIGHT(N7,1))) -> p51 | O17: =CONCATENATE("p",(MID(O7,2,1)),(RIGHT(O7,1))) -> p41 | P17: =CONCATENATE("p",(MID(P7,2,1)),(RIGHT(P7,1))) -> p31 | Q17: =CONCATENATE("p",(MID(Q7,2,1)),(RIGHT(Q7,1))) -> p21 | R17: =CONCATENATE("p",(MID(R7,2,1)),(RIGHT(R7,1))) -> p11 | S17: =CONCATENATE("p",(MID(S7,2,1)),(RIGHT(S7,1))) -> p01 | V17: 4bit | W17: 1 | X17: 1 | Y17: 1 | Z17: 1 | AG17: 0 | AH17: 1 | AI17: 0 | AJ17: =IF(AG17=0,CONCATENATE(AH17,AI17),CONCATENATE(AG17,AH17,AI17)) -> 10 | AK17: 0 | AL17: =BIN2DEC(CONCATENATE(AJ17,AK17)) -> 4
K18: =CONCATENATE("p",(MID(K8,2,1)),(RIGHT(K8,1))) -> p72 | L18: =CONCATENATE("p",(MID(L8,2,1)),(RIGHT(L8,1))) -> p62 | M18: =CONCATENATE("p",(MID(M8,2,1)),(RIGHT(M8,1))) -> p52 | N18: =CONCATENATE("p",(MID(N8,2,1)),(RIGHT(N8,1))) -> p42 | O18: =CONCATENATE("p",(MID(O8,2,1)),(RIGHT(O8,1))) -> p32 | P18: =CONCATENATE("p",(MID(P8,2,1)),(RIGHT(P8,1))) -> p22 | Q18: =CONCATENATE("p",(MID(Q8,2,1)),(RIGHT(Q8,1))) -> p12 | R18: =CONCATENATE("p",(MID(R8,2,1)),(RIGHT(R8,1))) -> p02 | V18: 5bit | W18: 1 | X18: 1 | Y18: 1 | Z18: 1 | AA18: 1 | AG18: 0 | AH18: 1 | AI18: 0 | AJ18: =IF(AG18=0,CONCATENATE(AH18,AI18),CONCATENATE(AG18,AH18,AI18)) -> 10 | AK18: 1 | AL18: =BIN2DEC(CONCATENATE(AJ18,AK18)) -> 5
J19: =CONCATENATE("p",(MID(J9,2,1)),(RIGHT(J9,1))) -> p73 | K19: =CONCATENATE("p",(MID(K9,2,1)),(RIGHT(K9,1))) -> p63 | L19: =CONCATENATE("p",(MID(L9,2,1)),(RIGHT(L9,1))) -> p53 | M19: =CONCATENATE("p",(MID(M9,2,1)),(RIGHT(M9,1))) -> p43 | N19: =CONCATENATE("p",(MID(N9,2,1)),(RIGHT(N9,1))) -> p33 | O19: =CONCATENATE("p",(MID(O9,2,1)),(RIGHT(O9,1))) -> p23 | P19: =CONCATENATE("p",(MID(P9,2,1)),(RIGHT(P9,1))) -> p13 | Q19: =CONCATENATE("p",(MID(Q9,2,1)),(RIGHT(Q9,1))) -> p03 | R19: c0 | V19: 6bit | W19: 1 | X19: 1 | Y19: 1 | Z19: 1 | AA19: 1 | AB19: 1 | AG19: 0 | AH19: 1 | AI19: 1 | AJ19: =IF(AG19=0,CONCATENATE(AH19,AI19),CONCATENATE(AG19,AH19,AI19)) -> 11 | AK19: 0 | AL19: =BIN2DEC(CONCATENATE(AJ19,AK19)) -> 6
I20: =CONCATENATE("p",(MID(I10,2,1)),(RIGHT(I10,1))) -> p74 | J20: =CONCATENATE("p",(MID(J10,2,1)),(RIGHT(J10,1))) -> p64 | K20: =CONCATENATE("p",(MID(K10,2,1)),(RIGHT(K10,1))) -> p54 | L20: =CONCATENATE("p",(MID(L10,2,1)),(RIGHT(L10,1))) -> p44 | M20: =CONCATENATE("p",(MID(M10,2,1)),(RIGHT(M10,1))) -> p34 | N20: =CONCATENATE("p",(MID(N10,2,1)),(RIGHT(N10,1))) -> p24 | O20: =CONCATENATE("p",(MID(O10,2,1)),(RIGHT(O10,1))) -> p14 | P20: =CONCATENATE("p",(MID(P10,2,1)),(RIGHT(P10,1))) -> p04 | Q20: c1 | V20: 7bit | W20: 1 | X20: 1 | Y20: 1 | Z20: 1 | AA20: 1 | AB20: 1 | AC20: 1 | AG20: 0 | AH20: 1 | AI20: 1 | AJ20: =IF(AG20=0,CONCATENATE(AH20,AI20),CONCATENATE(AG20,AH20,AI20)) -> 11 | AK20: 1 | AL20: =BIN2DEC(CONCATENATE(AJ20,AK20)) -> 7
H21: =CONCATENATE("p",(MID(H11,2,1)),(RIGHT(H11,1))) -> p75 | I21: =CONCATENATE("p",(MID(I11,2,1)),(RIGHT(I11,1))) -> p65 | J21: =CONCATENATE("p",(MID(J11,2,1)),(RIGHT(J11,1))) -> p55 | K21: =CONCATENATE("p",(MID(K11,2,1)),(RIGHT(K11,1))) -> p45 | L21: =CONCATENATE("p",(MID(L11,2,1)),(RIGHT(L11,1))) -> p35 | M21: =CONCATENATE("p",(MID(M11,2,1)),(RIGHT(M11,1))) -> p25 | N21: =CONCATENATE("p",(MID(N11,2,1)),(RIGHT(N11,1))) -> p15 | O21: =CONCATENATE("p",(MID(O11,2,1)),(RIGHT(O11,1))) -> p05 | P21: c2 | V21: 8bit | W21: 1 | X21: 1 | Y21: 1 | Z21: 1 | AA21: 1 | AB21: 1 | AC21: 1 | AD21: 1 | AG21: 1 | AH21: 0 | AI21: 0 | AJ21: =IF(AG21=0,CONCATENATE(AH21,AI21),CONCATENATE(AG21,AH21,AI21)) -> 100 | AK21: 0 | AL21: =BIN2DEC(CONCATENATE(AJ21,AK21)) -> 8
G22: =CONCATENATE("p",(MID(G12,2,1)),(RIGHT(G12,1))) -> p76 | H22: =CONCATENATE("p",(MID(H12,2,1)),(RIGHT(H12,1))) -> p66 | I22: =CONCATENATE("p",(MID(I12,2,1)),(RIGHT(I12,1))) -> p56 | J22: =CONCATENATE("p",(MID(J12,2,1)),(RIGHT(J12,1))) -> p46 | K22: =CONCATENATE("p",(MID(K12,2,1)),(RIGHT(K12,1))) -> p36 | L22: =CONCATENATE("p",(MID(L12,2,1)),(RIGHT(L12,1))) -> p26 | M22: =CONCATENATE("p",(MID(M12,2,1)),(RIGHT(M12,1))) -> p16 | N22: =CONCATENATE("p",(MID(N12,2,1)),(RIGHT(N12,1))) -> p06 | O22: c4 | P22: c3 | V22: 9bit | W22: 1 | X22: 1 | Y22: 1 | Z22: 1 | AA22: 1 | AB22: 1 | AC22: 1 | AD22: 1 | AE22: 1 | AG22: 1 | AH22: 0 | AI22: 0 | AJ22: =IF(AG22=0,CONCATENATE(AH22,AI22),CONCATENATE(AG22,AH22,AI22)) -> 100 | AK22: 1 | AL22: =BIN2DEC(CONCATENATE(AJ22,AK22)) -> 9
F23: =CONCATENATE("p",(MID(F13,2,1)),(RIGHT(F13,1))) -> p77 | G23: =CONCATENATE("p",(MID(G13,2,1)),(RIGHT(G13,1))) -> p67 | H23: =CONCATENATE("p",(MID(H13,2,1)),(RIGHT(H13,1))) -> p57 | I23: =CONCATENATE("p",(MID(I13,2,1)),(RIGHT(I13,1))) -> p47 | J23: =CONCATENATE("p",(MID(J13,2,1)),(RIGHT(J13,1))) -> p37 | K23: =CONCATENATE("p",(MID(K13,2,1)),(RIGHT(K13,1))) -> p27 | L23: =CONCATENATE("p",(MID(L13,2,1)),(RIGHT(L13,1))) -> p17 | M23: =CONCATENATE("p",(MID(M13,2,1)),(RIGHT(M13,1))) -> p07 | N23: c6 | O23: c5 | V23: 10bit | W23: 1 | X23: 1 | Y23: 1 | Z23: 1 | AA23: 1 | AB23: 1 | AC23: 1 | AD23: 1 | AE23: 1 | AF23: 1 | AG23: 1 | AH23: 0 | AI23: 1 | AJ23: =IF(AG23=0,CONCATENATE(AH23,AI23),CONCATENATE(AG23,AH23,AI23)) -> 101 | AK23: 0 | AL23: =BIN2DEC(CONCATENATE(AJ23,AK23)) -> 10
D24: c32 | E24: c30 | F24: c28 | G24: c24 | H24: c21 | I24: c18 | J24: c15 | K24: c12 | L24: c9 | M24: c8 | N24: c7
E25: c31 | F25: c29 | G25: c26 | H25: c23 | I25: c20 | J25: c17 | K25: c14 | L25: c11 | M25: c10
G26: c27 | H26: c25 | I26: c22 | J26: c19 | K26: c16 | L26: c13
D27: Y16 | E27: Y15 | F27: Y14 | G27: Y13 | H27: Y12 | I27: Y11 | J27: Y10 | K27: Y9 | L27: Y8 | M27: Y7 | N27: Y6 | O27: Y5 | P27: Y4 | Q27: Y3 | R27: Y2 | S27: Y1 | T27: Y0

Sheet instantiation
A1: Col16 | B1: Col15 | C1: Col14 | D1: Col13 | E1: Col12 | F1: Col11 | G1: Col10 | H1: Col9 | I1: Col8 | J1: Col7 | K1: Col6 | L1: Col5 | M1: Col4 | N1: Col3 | O1: Col2 | P1: Col1 | Q1: Col0
A2: Y16 | B2: Y15 | C2: Y14 | D2: Y13 | E2: Y12 | F2: Y11 | G2: Y10 | H2: Y9 | I2: Y8 | J2: Y7 | K2: Y6 | L2: Y5 | M2: Y4 | N2: Y3 | O2: Y2 | P2: Y1 | Q2: Y0
A3: =CONCATENATE("addr",COUNTA(A4:A25)) -> addr1 | B3: =CONCATENATE("addr",COUNTA(B4:B25)) -> addr2 | C3: =CONCATENATE("addr",COUNTA(C4:C25)) -> addr3 | D3: =CONCATENATE("addr",COUNTA(D4:D25)) -> addr5 | E3: =CONCATENATE("addr",COUNTA(E4:E25)) -> addr6 | F3: =CONCATENATE("addr",COUNTA(F4:F25)) -> addr7 | G3: =CONCATENATE("addr",COUNTA(G4:G25)) -> addr8 | H3: =CONCATENATE("addr",COUNTA(H4:H25)) -> addr9 | ... Q3: =CONCATENATE("addr",COUNTA(Q4:Q25)) -> addr1
J4: p70 | K4: p60 | L4: p50 | M4: p40 | N4: p30 | O4: p20 | P4: p10 | Q4: p00 | R4: buf | S4: Col0 | U4: =CONCATENATE("Y[",RIGHT(S4,1),"]") -> Y[0] | V4: =TRANSPOSE(Mul8Analysis!T16) -> p00 | AF4: =CONCATENATE(R4," ",S4,"(",T4,,U4,",",V4,")") -> buf Col0(Y[0],p00)
I5: p71 | J5: p61 | K5: p51 | L5: p41 | M5: p31 | N5: p21 | O5: p11 | P5: p01 | R5: addr2 | S5: Col1 | T5: c0 | U5: =CONCATENATE("Y[",RIGHT(S5,1),"]") -> Y[1] | V5: {=TRANSPOSE(Mul8Analysis!S16:S17)} -> p10 | W5: p01 | AF5: =CONCATENATE(R5," ",S5,"(",T5,",",U5,",",V5,",",W5,")") -> addr2 Col1(c0,Y[1],p10,p01)
H6: p72 | I6: p62 | J6: p52 | K6: p42 | L6: p32 | M6: p22 | N6: p12 | O6: p02 | R6: addr4 | S6: Col2 | T6: {c2,c1} | U6: =CONCATENATE("Y[",RIGHT(S6,1),"]") -> Y[2] | V6: {=TRANSPOSE(Mul8Analysis!R16:R19)} -> p20 | W6: p11 | X6: p02 | Y6: c0 | AF6: =CONCATENATE(R6," ",S6,"(",T6,",",U6,",",V6,",",W6,",",X6,",",Y6,")") -> addr4 Col2({c2,c1},Y[2],p20,p11,p02,c0)
G7: p73 | H7: p63 | I7: p53 | J7: p43 | K7: p33 | L7: p23 | M7: p13 | N7: p03 | R7: addr5 | S7: Col3 | T7: =CONCATENATE("{",L14,",",M14,"}") -> {c4,c3} | U7: =CONCATENATE("Y[",RIGHT(S7,1),"]") -> Y[3] | V7: {=TRANSPOSE(Mul8Analysis!Q16:Q20)} -> p30 | W7: p21 | X7: p12 | Y7: p03 | Z7: c1 | AF7: =CONCATENATE(R7," ",S7,"(",T7,",",U7,",",V7,",",W7,",",X7,",",Y7,",",Z7,")") -> addr5 Col3({c4,c3},Y[3],p30,p21,p12,p03,c1)
F8: p74 | G8: p64 | H8: p54 | I8: p44 | J8: p34 | K8: p24 | L8: p14 | M8: p04 | R8: addr7 | S8: Col4 | T8: =CONCATENATE("{",K15,",",L15,"}") -> {c6,c5} | U8: =CONCATENATE("Y[",RIGHT(S8,1),"]") -> Y[4] | V8: {=TRANSPOSE(Mul8Analysis!P16:P22)} -> p40 | W8: p31 | X8: p22 | Y8: p13 | Z8: p04 | AA8: c2 | AB8: c3 | AF8: =CONCATENATE(R8," ",S8,"(",T8,",",U8,",",V8,",",W8,",",X8,",",Y8,",",Z8,",",AA8,",",AB8,")") -> addr7 Col4({c6,c5},Y[4],p40,p31,p22,p13,p04,c2,c3)
E9: p75 | F9: p65 | G9: p55 | H9: p45 | I9: p35 | J9: p25 | K9: p15 | L9: p05 | R9: addr8 | S9: Col5 | T9: {c9,c8,c7} | U9: =CONCATENATE("Y[",RIGHT(S9,1),"]") -> Y[5] | V9: {=TRANSPOSE(Mul8Analysis!O16:O23)} -> p50 | W9: p41 | X9: p32 | Y9: p23 | Z9: p14 | AA9: p05 | AB9: c4 | AC9: c5 | AF9: =CONCATENATE(R9," ",S9,"(",T9,",",U9,",",V9,",",W9,",",X9,",",Y9,,",",Z9,",",AA9,",",AB9,",",AC9,")") -> addr8 Col5({c9,c8,c7},Y[5],p50,p41,p32,p23,p14,p05,c4,c5)
D10: p76 | E10: p66 | F10: p56 | G10: p46 | H10: p36 | I10: p26 | J10: p16 | K10: p06 | R10: addr9 | S10: Col6 | T10: {c12,c11,c10} | U10: =CONCATENATE("Y[",RIGHT(S10,1),"]") -> Y[6] | V10: {=TRANSPOSE(Mul8Analysis!N16:N24)} -> p60 | W10: p51 | X10: p42 | Y10: p33 | Z10: p24 | AA10: p15 | AB10: p06 | AC10: c6 | AD10: c7 | AF10: =CONCATENATE(R10," ",S10,"(",T10,",",U10,",",V10,",",W10,",",X10,",",Y10,",",Z10,",",AA10,",",AB10,",",AC10,",",AD10,")") -> addr9 Col6({c12,c11,c10},Y[6],p60,p51,p42,p33,p24,p15,p06,c6,c7)
C11: p77 | D11: p67 | E11: p57 | F11: p47 | G11: p37 | H11: p27 | I11: p17 | J11: p07 | R11: addr10 | S11: Col7 | T11: {c15,c14,c13} | U11: =CONCATENATE("Y[",RIGHT(S11,1),"]") -> Y[7] | V11: {=TRANSPOSE(Mul8Analysis!M16:M25)} -> p70 | W11: p61 | X11: p52 | Y11: p43 | Z11: p34 | AA11: p25 | AB11: p16 | AC11: p07 | AD11: c8 | AE11: c10 | AF11: =CONCATENATE(R11," ",S11,"(",T11,",",U11,",",V11,",",W11,",",X11,",",Y11,",",Z11,",",AA11,",",AB11,",",AC11,",",AD11,",",AE11,")") -> addr10 Col7({c15,c14,c13},Y[7],p70,p61,p52,p43,p34,p25,p16,p07,c8,c10)
O12: c0 | R12: addr10 | S12: Col8 | T12: {c18,c17,c16} | U12: =CONCATENATE("Y[",RIGHT(S12,1),"]") -> Y[8] | V12: {=TRANSPOSE(Mul8Analysis!L17:L26)} -> p71 | W12: p62 | X12: p53 | Y12: p44 | Z12: p35 | AA12: p26 | AB12: p17 | AC12: c9 | AD12: c11 | AE12: c13 | AF12: =CONCATENATE(R12," ",S12,"(",T12,",",U12,",",V12,",",W12,",",X12,",",Y12,",",Z12,",",AA12,",",AB12,",",AC12,",",AD12,",",AE12,")") -> addr10 Col8({c18,c17,c16},Y[8],p71,p62,p53,p44,p35,p26,p17,c9,c11,c13)
M13: c2 | N13: c1 | R13: addr9 | S13: Col9 | T13: {c21,c20,c19} | U13: =CONCATENATE("Y[",RIGHT(S13,1),"]") -> Y[9] | V13: {=TRANSPOSE(Mul8Analysis!K18:K26)} -> p72 | W13: p63 | X13: p54 | Y13: p45 | Z13: p36 | AA13: p27 | AB13: c12 | AC13: c14 | AD13: c16 | AF13: =CONCATENATE(R13," ",S13,"(",T13,",",U13,",",V13,",",W13,",",X13,",",Y13,",",Z13,",",AA13,",",AB13,",",AC13,",",AD13,")") -> addr9 Col9({c21,c20,c19},Y[9],p72,p63,p54,p45,p36,p27,c12,c14,c16)
L14: c4 | M14: c3 | R14: addr8 | S14: Col10 | T14: {c24,c23,c22} | U14: =CONCATENATE("Y[",RIGHT(S14,2),"]") -> Y[10] | V14: {=TRANSPOSE(Mul8Analysis!J19:J26)} -> p73 | W14: p64 | X14: p55 | Y14: p46 | Z14: p37 | AA14: c15 | AB14: c17 | AC14: c19 | AF14: =CONCATENATE(R14," ",S14,"(",T14,",",U14,",",V14,",",W14,",",X14,",",Y14,,",",Z14,",",AA14,",",AB14,",",AC14,")") -> addr8 Col10({c24,c23,c22},Y[10],p73,p64,p55,p46,p37,c15,c17,c19)
K15: c6 | L15: c5 | R15: addr7 | S15: Col11 | T15: {c26,c25} | U15: =CONCATENATE("Y[",RIGHT(S15,2),"]") -> Y[11] | V15: {=TRANSPOSE(Mul8Analysis!I20:I26)} -> p74 | W15: p65 | X15: p56 | Y15: p47 | Z15: c18 | AA15: c20 | AB15: c22 | AF15: =CONCATENATE(R15," ",S15,"(",T15,",",U15,",",V15,",",W15,",",X15,",",Y15,",",Z15,",",AA15,",",AB15,")") -> addr7 Col11({c26,c25},Y[11],p74,p65,p56,p47,c18,c20,c22)
I16: c9 | J16: c8 | K16: c7 | R16: addr6 | S16: Col12 | T16: {c28,c27} | U16: =CONCATENATE("Y[",RIGHT(S16,2),"]") -> Y[12] | V16: {=TRANSPOSE(Mul8Analysis!H21:H26)} -> p75 | W16: p66 | X16: p57 | Y16: c21 | Z16: c23 | AA16: c25 | AF16: =CONCATENATE(R16," ",S16,"(",T16,",",U16,",",V16,",",W16,",",X16,",",Y16,",",Z16,",",AA16,")") -> addr6 Col12({c28,c27},Y[12],p75,p66,p57,c21,c23,c25)
H17: c12 | I17: c11 | J17: c10 | R17: addr5 | S17: Col13 | T17: {c30,c29} | U17: =CONCATENATE("Y[",RIGHT(S17,2),"]") -> Y[13] | V17: {=TRANSPOSE(Mul8Analysis!G22:G26)} -> p76 | W17: p67 | X17: c24 | Y17: c26 | Z17: c27 | AF17: =CONCATENATE(R17," ",S17,"(",T17,",",U17,",",V17,",",W17,",",X17,",",Y17,",",Z17,")") -> addr5 Col13({c30,c29},Y[13],p76,p67,c24,c26,c27)
G18: c15 | H18: c14 | I18: c13 | R18: addr3 | S18: Col14 | T18: c31 | U18: =CONCATENATE("Y[",RIGHT(S18,2),"]") -> Y[14] | V18: {=TRANSPOSE(Mul8Analysis!F23:F25)} -> p77 | W18: c28 | X18: c29 | AF18: =CONCATENATE(R18," ",S18,"(",T18,",",U18,",",V18,",",W18,",",X18,",",Y18,")") -> addr3 Col14(c31,Y[14],p77,c28,c29,)
F19: c18 | G19: c17 | H19: c16 | R19: addr2 | S19: Col15 | T19: c32 | U19: =CONCATENATE("Y[",RIGHT(S19,2),"]") -> Y[15] | V19: {=TRANSPOSE(Mul8Analysis!E24:E25)} -> c30 | W19: c31 | AF19: =CONCATENATE(R19," ",S19,"(",T19,",",U19,",",V19,",",W19,")") -> addr2 Col15(c32,Y[15],c30,c31)
E20: c21 | F20: c20 | G20: c19 | R20: buf | S20: Col16 | U20: =CONCATENATE("Y[",RIGHT(S20,2),"]") -> Y[16] | V20: c32 | AF20: =CONCATENATE(R20," ",S20,"(",T20,,U20,",",V20,")") -> buf Col16(Y[16],c32)
D21: c24 | E21: c23 | F21: c22
D22: c26 | E22: c25
C23: c28 | D23: c27
B24: c30 | C24: c29
A25: c32 | B25: c31
